loss_generator,loss_discriminator
0.238126,1.380748
0.221748,1.169705
0.186984,0.945152
0.210151,0.752550
0.121739,0.572832
0.123189,0.370037
0.137141,0.224944
0.150867,0.113578
0.141200,0.053246
0.108929,0.048052
