loss_generator,loss_discriminator
0.121739,0.572832
0.108929,0.048052
